contractor-name,emails
Centurion Solar Energy,info@centurionsolar.com
SuNation Solar Systems,info@sunation.com
SunCommon,ir@isunenergy.com
SunCommon,customercare@sunrun.com
SunCommon,technical.support@sunpower.com
Venture Home Solar,contact@venturesolar.com
NY State Solar,info@nystatesolar.com
GreenSpark Solar,service@greensparksolar.com
Accord Power Inc,residential@accordpowerinc.com
Accord Power Inc,commercial@accordpowerinc.com
Albany Solar Solutions,info@albanysolarsolutions.com
Fusion Energy Services,astigma@astigmatic.com
Fusion Energy Services,impallari@gmail.com
Hudson River Renewables,Info@HudsonRiverSolar.com
Hudson River Renewables,info@HudsonRiverSolar.com
Hudson River Renewables,info@hudsonriversolar.com
Integrity Solar Solutions,info@integritysolarsolutions.com
Long Island Power Solutions,estimate@longislandpowersolutions.com
New Leaf Solar,garrett@newleafsolarny.com
Nickels Energy Solutions,info@nickelsenergysolutions.com
Onsite Energy,info@onsiteenergyusa.com
PlugPV,hello@plugpv.com
Revolution Solar,info@revolutionsolarny.com
Solar Generation,leads@solargeneration.net
Solar Generation,vicki@solargeneration.net
SunRun,servicetransfers@sunrun.com
Trinity Solar,gosolar@trinity-solar.com
AC Power,info@acpowerllc.com
Accelerate Solar,Contact@Accelerate-solar.com
ACE Ventures NY,bhennessey@aceventuresllc.com
ACE Ventures NY,jhennessey@aceventuresllc.com
Live Solar,info@livesolar.nyc
Active Solar Development,sales@activesolarusa.com
ADK Solar,impallari@gmail.com
ADK Solar,matt@pixelspread.com
ADK Solar,eben@eyebytes.com
ADK Solar,adksolaroffice@gmail.com
ADK Solar,hello@rfuenzalida.com
Advanced Solar Solutions,sales@advancedsolarny.com
AEC Energy,info@aecenergy.com
American Solar Partners,info@americansolarpartners.com.
Bliss Solar,info@blisssolar.com
Samba Energy,michael@sambaenergy.com
Brooklyn SolarWorks,info@brooklynsolarworks.com
Buffalo Renewables,admin@buffalorenewables.green
Built Well Solar,info@builtwellsolar.com
Buselli Solutions,Sales@busellisolutions.com
Charan Electrical Enterprises,support@charanelectrical.com
Cipriani Energy Group Corp.,info@ciprianienergyus.com
Citrine Power,info@citrinepower.com
Collegiate Builders,info@collegiatebuildersinc.com
Crest Solar,curt@crestsolarpower.com
CVE North America,contacten@cvegroup.com
DC Energy Innovations,info@dceivt.com
Discover Green Renewable Energy,info@discovergreenre.com
Ecogy Solar,general@ecogyenergy.com
Ecovis Group Inc,leoabadi51@gmail.com
EDF Renewables Distributed Solutions,OMSales@edf-re.com
EDF Renewables Distributed Solutions,info@edf-re.com
Electric Factory NY,info@efactoryenergy.com
Electric Fields,Derek@ElectricFields.Solar
Superior Solar USA,info@superiorsolarusa.com
Element Energy,save@e2sys.com
Element Energy,services@e2sys.com
Element Energy,service@e2sys.com
Emes Solar,info@emessolar.com
EVERGREEN ENERGY,info@evergreenenergy.com
Finger Lakes Power Systems,sales@flpowersystems.com
Green Logic,save@greenlogic.com
Green Power Developers,info@greenpowerdevelopers.com
Greenpoint Solar & Electrical,aaronb@gseny.com
GRID Alternatives,infodc@gridalternatives.org
GRID Alternatives,service@gridalternatives.org
GRID Alternatives,qualify@gridalternatives.org
GRID Alternatives,colorado@gridalternatives.org
GRID Alternatives,ncoffice@gridalternatives.org
GRID Alternatives,info@gridalternatives.org
GRID Alternatives,infoba@gridalternatives.org
GRID Alternatives,infonv@gridalternatives.org
GRID Alternatives,tribal@gridalternatives.org
GRID Alternatives,infogla@gridalternatives.org
GRID Alternatives,twillink@gridalternatives.org
GRID Alternatives,infoie@gridalternatives.org
GRID Alternatives,infosd@gridalternatives.org
GRID Alternatives,international@gridalternatives.org
GRID Alternatives,infofresno@gridalternatives.org
GRNE-Nelnet,SolarInfo@nelnet.net
Healthy Home Energy & Consulting,info@gethealthyhome.com
Healthy Home Energy & Consulting,info@healthyhome.com
HESP Solar,info@hespsolar.com
Hewitt Young Electric,info@hewittyoung.com
High Peaks Solar,info@highpeakssolar.com
HORIZON SOLAR,info@horizon-solar.com
Hudson Valley Wind & Solar,info@hudsonvalleywindandsolar.com
Hytech Solar Inc,INFO@HYTECHSOLAR.COM
J&A Electrical Construction,contact@sansoxygen.com
Kamtech Restoration Corp,info@kamtechsolar.com
Kamtech Restoration Corp,kamtechleads@kamtechsolar.com
LastMile Energy,sp@lastmile-energy.com
Leviathan Solar Inc,team@latofonts.com
Leviathan Solar Inc,anapbm@gmail.com
Lionshead Energy,info@lionsheadenergy.com
Lipp Electric,lippelectric@gmail.com
Long Island Solar Solutions,info@longislandsolarsolutions.com
Metropolitan Electric,metropolitanelectricny@gmail.com
Mitrex,info@mitrex.com
Mpower Solar,support@mpowersolar.com
My Solar Grid,info@mysolargrid.com
New England Solar & Green Solutions,info@nesolarandgreen.com
New York Solar Solutions,info@newyorksolarsolutions.com
Next Generation Solar,mark@nextgenerationsolar.org
Next Generation Solar,info@nextgenerationsolar.org
Nexus Renewables U.S,contact@nexusrenewables.ca
Novel Approaches Solar Applications,NovelApproaches@hvc.rr.com
NYS Essential Power,Operations@essentialpower.net
Onyx Development Group,info@onyxrenewables.com
Pivot Energy Development,info@pivotenergy.net
Potentia Management Group,avennero@potentiamanagement.com
Powerlutions,info@Powerlutions.com
Proven Energy Systems,eben@eyebytes.com
Quest Solar,info@questsolar.com
Quixotic Systems,info@quixotic-systems.com
Renewable Rochester,Steve@RenewableRochester.com
Same Sun of Vermont,info@samesunvt.com
Scale Microgrid Solutions Operating,info@scalemicrogrids.com
Seed Renewables,hello@seedsolar.com
Skyline Solar,SkylineSolar315@gmail.com
Skyline Solar,skylinesolar315@gmail.com
Smart Roofs Solar,info@smartroofssolar.com
Sol Alliance Solar Development,info@solalliance.net
Solanta,Info@Solanta.com
Solanta,info@solanta.com
Solanta,hireme@solanta.com
Solar & Wind FX,chris@solarandwindfx.com
Solar Alchemy,EY@SolarAlchemyPV.com
Solar Alchemy,RW@SolarAlchemyPV.com
Solar Alchemy,rw@SolarAlchemyPV.com
Solar Alchemy,ey@solaralchemypv.com
Solar Alchemy,ey@SolarAlchemyPV.com
Solar Alchemy,rw@solaralchemypv.com
Synergy Solar,energy@jysnergyllc.com
Synergy Solar,green@jsynergyllc.com
Solar Energy Systems,info@solaresystems.com
Solar Landscape,info@solarlandscape.com
Summit Solar Company,ops@summitsolarcorp.com
Summit Solar Company,hr@summitsolarcorp.comcustomercare@summitsolarcorp.com
Summit Solar Company,sales@summitsolarcorp.com
Summit Solar Company,pr@summitsolarcorp.com
Sundog Solar,info@sundogsolar.net
Sungain,info@sungain.com
Sunkeeper Solar,inquiries@sunkeepersolar.com
SunLight General Capital,info@sunlightgeneral.com
Sunnova Energy Corp.,newhomeservice@sunnova.com
Sunnova Energy Corp.,servicioalcliente@sunnova.com
Sunnova Energy Corp.,customerservice@sunnova.com
SunPower Capital,pr@sunpower.com
Sunrise Solar Solutions,info@sunrisesolarllc.com
Tangent Energy Solutions,tammi.poore@tangentenergy.com
TM Montante Solar Developments,info@montante.com
Triangle Electrical Systems,Lbrienza@trianglesystems.com
UGE USA,info@ugei.com
Unisolar Solutions,info@unisolar.us
Unisolar Solutions,sales@unisolar.us
United Renewable Energy,jakky@u-renew.com
United Renewable Energy,info@u-renew.com
US Clean Energy Construction,Solar@uscleanenergy.com
Vanguard Energy Partners,info@VEPenergy.com
Voltaic Solaire,support@voltaicsolaire.com
White Spruce Holdings,info@csenergy.com
